{
    "learning_rate": 1.0003906223750979e-05,
    "num_simulations": 49,
    "c_puct": 1.0000003279596112,
    "reward_weights": {
        "max_tile": 0.10000007809498888,
        "merge": 0.1000000707903139,
        "turn": 0.13000007067087313,
        "new_max": 0.49999995868858443,
        "monotonicity": 5.000000411286538,
        "corner": 6.574338786050807e-10,
        "scale": 5.000000411292173
    }
}